{
  "meta_title": "Encante-se com Nossa Coleção de Lingerie - Descubra a Sensualidade e o Conforto!",
  "meta_description": "Encontre a lingerie perfeita para realçar sua beleza e confiança na nossa loja online. Explore nossa ampla seleção de peças sensuais, desde conjuntos provocantes a babydolls sedutores. Descubra a qualidade, conforto e estilo que você merece. Compre agora e transforme seus momentos especiais em experiências inesquecíveis!",
  "sections": [
    {
      "type": "banner-slider",
      "autoplay": 3000,
      "full_width": true,
      "slides": [
        {
          "img": "/img/uploads/banner-loja.png",
          "link": "",
          "alt": "colecao1",
          "mobile_img": "/img/uploads/03-ago-2022-up.png",
          "start": "",
          "end": ""
        }
      ]
    },
    {
      "type": "info-bar",
      "enabled": true
    },
    {
      "type": "shelfs-nav",
      "shuffle": true,
      "limit": 8,
      "page": 1,
      "collection_ids": [
        "651191ff2cd6b659595c2dc2:categories:Conjuntos:/conjuntos",
        "651192aa2cd6b659595c2f2e:categories:Body:/body"
      ],
      "shelfs_title": "Mais Queridos",
      "sort": "news"
    },
    {
      "type": "shelfs-nav",
      "shuffle": true,
      "limit": 8,
      "page": 1,
      "collection_ids": [
        "651192ef2cd6b659595c3024:categories:Linha Noite:/linha-noite",
        "6511919e2cd6b659595c2cce:categories:Calcinhas:/calcinhas"
      ],
      "shelfs_title": "Populares",
      "sort": "news"
    },
    {
      "type": "page-title",
      "title": "DG Belle Moda Íntima",
      "description": "Encontre a Lingerie ideal para você! Confira os diversos modelos e cores de Conjunto, Calcinha, Sutiã e Body disponíveis."
    },
    {
      "type": "custom-html",
      "html": "<script src=\"https://www.sowecms.com/demos/InstagramFeed/dist/InstagramFeed.min.js\"></script>\n<div id=\"instagram-feed\" class=\"instagram_feed\"></div>\n<script>\n    (function(){\n        new InstagramFeed({\n            'username': 'dgbellemodaintima',\n            'container': document.getElementById(\"instagram-feed\"),\n            'display_profile': false,\n            'display_biography': false,\n            'display_igtv': false,\n            'display_gallery': true,\n            'get_raw_json': false,\n            'callback': null,\n            'styling': true,\n            'items': 6,\n            'items_per_row': 6,\n            'margin': 1\n        });\n    })();\n</script>"
    }
  ]
}